<?xml version="1.0" encoding="UTF-8"?>
<project-private xmlns="http://www.netbeans.org/ns/project-private/1">
    <editor-bookmarks xmlns="http://www.netbeans.org/ns/editor-bookmarks/2" lastBookmarkId="0"/>
    <open-files xmlns="http://www.netbeans.org/ns/projectui-open-files/2">
        <group>
            <file>file:/C:/Users/Waas/Documents/Encryption/src/Interface/ExceptionDialog.java</file>
            <file>file:/C:/Users/Waas/Documents/Encryption/src/Interface/PasswordForDecryption.java</file>
            <file>file:/C:/Users/Waas/Documents/Encryption/src/code/EncryptorAndDecryptor.java</file>
            <file>file:/C:/Users/Waas/Documents/Encryption/src/Interface/EncryptorAndDecryptorProgress.java</file>
            <file>file:/C:/Users/Waas/Documents/Encryption/src/code/FileEncryptorAndDecryptor.java</file>
            <file>file:/C:/Users/Waas/Documents/Encryption/src/Interface/FileChooser.java</file>
            <file>file:/C:/Users/Waas/Documents/Encryption/src/Interface/ToBeEncryptedOrDecrypted.java</file>
            <file>file:/C:/Users/Waas/Documents/Encryption/src/Interface/PasswordForEncryption.java</file>
            <file>file:/C:/Users/Waas/Documents/Encryption/src/Interface/Main.java</file>
        </group>
    </open-files>
</project-private>
